venta_id,fecha,tienda_id,producto_id,cantidad,monto,medio_pago,canal
1001,2026-10-01,1,501,2,18.50,efectivo,tienda
1002,2026-10-01,1,502,1,7.25,tarjeta,tienda
2001,2026-10-01,1,501,1,4.00,efectivo,tienda
2001,2026-10-01,1,501,1,4.00,efectivo,tienda
3001,2026-10-01,1,510,1,6.75,efectivo,tienda
3001,2026-10-01,1,510,1,6.75,efectivo,tienda
3002,2026-10-01,1,511,2,9.00,tarjeta,app
1004,2026-10-01,2,504,1,"12,50",efectivo,
3003,2026-10-01,2,512,1,8.00,efectivo,tienda
3004,2026-10-01,2,513,3,"3,25",tarjeta,tienda
1005,2026-10-01,3,505,4,31.00,efectivo,tienda
3005,2026-10-01,3,514,1,14.00,transferencia,tienda
3006,2026-10-01,5,601,2,22.00,efectivo,tienda
3007,2026-10-01,5,602,1,11.50,tarjeta,tienda
3008,2026-10-01,6,701,1,16.75,efectivo,whatsapp
3009,2026-10-01,6,702,2,5.00,efectivo,tienda
1007,2026-10-02,1,507,2,15.00,efectivo,tienda
1042,2026-10-02,1,501,1,18.50,efectivo,tienda
1042,2026-10-02,1,501,1,18.50,efectivo,tienda
3010,2026-10-02,1,515,1,10.00,tarjeta,tienda
3011,2026-10-02,2,516,2,19.90,efectivo,tienda
3011,2026-10-02,2,516,2,19.90,efectivo,tienda
3012,2026-10-02,2,517,1,6.10,tarjeta,app
3013,2026-10-02,3,518,1,8.40,efectivo,tienda
3014,2026-10-02,3,519,3,12.60,transferencia,tienda
3015,2026-10-02,5,603,1,7.00,efectivo,tienda
3016,2026-10-02,6,703,1,"13,25",efectivo,whatsapp
3020,2026-10-03,1,520,2,21.00,efectivo,tienda
3020,2026-10-03,1,520,2,21.00,efectivo,tienda
3021,2026-10-03,2,521,1,9.50,tarjeta,tienda
3022,2026-10-03,3,522,2,17.75,efectivo,tienda
3050,2026-10-03,3,523,1,10.00,efectivo,tienda
3050,2026-10-03,3,523,1,10.50,efectivo,tienda
3023,2026-10-03,5,604,1,4.25,tarjeta,app
3024,2026-10-03,6,704,1,8.00,efectivo,tienda
1401,2026-10-04,1,540,1,5.50,efectivo,whatsapp
3025,2026-10-04,1,524,2,14.00,tarjeta,tienda
3026,2026-10-04,2,525,1,11.00,efectivo,tienda
3027,2026-10-04,3,526,1,6.50,efectivo,tienda
3028,2026-10-04,5,605,2,9.90,transferencia,tienda
3029,2026-10-04,6,705,1,18.00,efectivo,tienda
1101,2026-10-03,1,510,1,,efectivo,tienda
3101,2026-10-01,5,606,1,,tarjeta,tienda
3102,2026-10-02,6,706,2,,efectivo,app
1202,2026-10-03,2,521,1,N/D,tarjeta,tienda
3103,2026-10-04,3,527,1,N/D,efectivo,tienda
3104,2026-10-01,1,528,1,pendiente,tarjeta,tienda
1301,2026-10-04,99,530,1,11.00,efectivo,whatsapp
3105,2026-10-02,99,531,1,7.40,tarjeta,whatsapp
3106,2026-10-03,88,532,2,4.10,efectivo,app
3107,2026-10-04,77,533,1,15.00,efectivo,tienda
1303,2026-10-04,4,532,1,20.00,efectivo,tienda
3108,2026-10-01,4,534,1,8.00,tarjeta,tienda
3109,2026-10-02,4,535,2,6.50,efectivo,tienda
3110,2026-10-03,7,801,1,12.00,efectivo,tienda
3111,2026-10-04,7,802,1,9.75,tarjeta,whatsapp
3112,2026-10-01,2,536,1,"1.250,00",efectivo,tienda
3113,2026-10-03,5,607,1,0,efectivo,tienda
3114,2026-10-02,3,537,1,-4.00,efectivo,tienda
